[
{
        "icon": "TextEditor.png",
        "name": "文本编辑器",
        "describe": "",
        "type": "text",
        "url": 0
    },
    {
        "icon": "",
        "name": "文本操作",
        "describe": "",
        "type": "text",
        "url": 1
    },
    {
        "icon": "",
        "name": "UUID生成",
        "describe": "",
        "type": "text",
        "url": 2
    },
   {
        "icon": "",
        "name": "进制转换",
        "describe": "",
        "type": "text",
        "url": 3
    }
]